batch,bloc,target_primary,n,pct
CEASEFIRE_BREACH,Centre / Majorite,ANTISEMITISM,2,1.52
CEASEFIRE_BREACH,Centre / Majorite,ANTISEMITISME,1,0.76
CEASEFIRE_BREACH,Centre / Majorite,ANTISIONISME,2,1.52
CEASEFIRE_BREACH,Centre / Majorite,ANTI_SEMITISM,1,0.76
CEASEFIRE_BREACH,Centre / Majorite,COLLECTIF_PALESTINE_VAINS,1,0.76
CEASEFIRE_BREACH,Centre / Majorite,COMMUNAUTES_RELIQUEUSES,1,0.76
CEASEFIRE_BREACH,Centre / Majorite,COMMUNAUTE_JEUNE,1,0.76
CEASEFIRE_BREACH,Centre / Majorite,ERSILIASOUDAIS,1,0.76
CEASEFIRE_BREACH,Centre / Majorite,FRANCESCA_ALBANESE,1,0.76
CEASEFIRE_BREACH,Centre / Majorite,FRANCE_GOV,5,3.79
CEASEFIRE_BREACH,Centre / Majorite,GOV_OTHER,1,0.76
CEASEFIRE_BREACH,Centre / Majorite,GUIRAUD_BERNALICIS,1,0.76
CEASEFIRE_BREACH,Centre / Majorite,HAMAS,37,28.03
CEASEFIRE_BREACH,Centre / Majorite,ISRAEL,10,7.58
CEASEFIRE_BREACH,Centre / Majorite,ISRAEL_GOV,10,7.58
CEASEFIRE_BREACH,Centre / Majorite,ISRAEL_VICTIMS,1,0.76
CEASEFIRE_BREACH,Centre / Majorite,ISRAËL,1,0.76
CEASEFIRE_BREACH,Centre / Majorite,JLMELENCHON,1,0.76
CEASEFIRE_BREACH,Centre / Majorite,LA_FRANCE_INSOUMISE,3,2.27
CEASEFIRE_BREACH,Centre / Majorite,LE_PEN,1,0.76
CEASEFIRE_BREACH,Centre / Majorite,LFI,6,4.55
CEASEFIRE_BREACH,Centre / Majorite,LOUIS_BOYARD,1,0.76
CEASEFIRE_BREACH,Centre / Majorite,MATHILDE PANOT,1,0.76
CEASEFIRE_BREACH,Centre / Majorite,MATHILDE_PANOT,1,0.76
CEASEFIRE_BREACH,Centre / Majorite,OTAGES,1,0.76
CEASEFIRE_BREACH,Centre / Majorite,PALESTINE_VAINCRA,1,0.76
CEASEFIRE_BREACH,Centre / Majorite,PALESTINIENS,1,0.76
CEASEFIRE_BREACH,Centre / Majorite,RIMA HASSAN,1,0.76
CEASEFIRE_BREACH,Centre / Majorite,RIMA_HAS,2,1.52
CEASEFIRE_BREACH,Centre / Majorite,RIMA_HASSAN,1,0.76
CEASEFIRE_BREACH,Centre / Majorite,"RN, LFI",1,0.76
CEASEFIRE_BREACH,Centre / Majorite,SAMIDOUN,1,0.76
CEASEFIRE_BREACH,Centre / Majorite,TERRORISME,1,0.76
CEASEFIRE_BREACH,Droite,ALeaument,1,0.85
CEASEFIRE_BREACH,Droite,ANTISÉMITISME,1,0.85
CEASEFIRE_BREACH,Droite,ANTI_SIONISME,1,0.85
CEASEFIRE_BREACH,Droite,BARDALLA,1,0.85
CEASEFIRE_BREACH,Droite,BRAUN_PIVET,1,0.85
CEASEFIRE_BREACH,Droite,ECOLOGISTS_LFI,1,0.85
CEASEFIRE_BREACH,Droite,EMMANUEL FERNANDES,1,0.85
CEASEFIRE_BREACH,Droite,EXTREME_GAUCHE,2,1.71
CEASEFIRE_BREACH,Droite,FRANCE,1,0.85
CEASEFIRE_BREACH,Droite,FRANCE_GOV,2,1.71
CEASEFIRE_BREACH,Droite,FRANCE_INSOUMISE,2,1.71
CEASEFIRE_BREACH,Droite,GAUCHE,1,0.85
CEASEFIRE_BREACH,Droite,GAUCHE_GAUCHISTE,1,0.85
CEASEFIRE_BREACH,Droite,GAZA,1,0.85
CEASEFIRE_BREACH,Droite,GOUVERNEMENT_FRANÇAIS,1,0.85
CEASEFIRE_BREACH,Droite,HAMAS,49,41.88
CEASEFIRE_BREACH,Droite,ISLAMISME,2,1.71
CEASEFIRE_BREACH,Droite,ISRAEL,8,6.84
CEASEFIRE_BREACH,Droite,ISRAEL_GOV,4,3.42
CEASEFIRE_BREACH,Droite,LA_FRANCE_INSOUMISE,1,0.85
CEASEFIRE_BREACH,Droite,LFI,14,11.97
CEASEFIRE_BREACH,Droite,LOUIS_BOYARD,2,1.71
CEASEFIRE_BREACH,Droite,LR_Horizon_macronistes,1,0.85
CEASEFIRE_BREACH,Droite,MADAME_SOUDAIS,1,0.85
CEASEFIRE_BREACH,Droite,MANIFESTANTS_ANTI_ISRAEL,1,0.85
CEASEFIRE_BREACH,Droite,ONG_FRANCAISES,1,0.85
CEASEFIRE_BREACH,Droite,POLICE,1,0.85
CEASEFIRE_BREACH,Droite,RATIONALITE_NATIONALE,1,0.85
CEASEFIRE_BREACH,Droite,RIMA_HAS,1,0.85
CEASEFIRE_BREACH,Droite,RIMA_HASSAN,1,0.85
CEASEFIRE_BREACH,Droite,SEBASTIEN_DELOGU,1,0.85
CEASEFIRE_BREACH,Droite,UNRWA,1,0.85
CEASEFIRE_BREACH,Gauche moderee,BARBARA_LEFEBVRE,1,1.69
CEASEFIRE_BREACH,Gauche moderee,FAMILLES_OTS,1,1.69
CEASEFIRE_BREACH,Gauche moderee,FRANCE_GOV,6,10.17
CEASEFIRE_BREACH,Gauche moderee,HAMAS,1,1.69
CEASEFIRE_BREACH,Gauche moderee,ISRAEL,3,5.08
CEASEFIRE_BREACH,Gauche moderee,ISRAEL_ARMY,1,1.69
CEASEFIRE_BREACH,Gauche moderee,ISRAEL_COLONISTS,1,1.69
CEASEFIRE_BREACH,Gauche moderee,ISRAEL_GOV,19,32.2
CEASEFIRE_BREACH,Gauche moderee,LFI,1,1.69
CEASEFIRE_BREACH,Gauche moderee,NETANYAHOU,1,1.69
CEASEFIRE_BREACH,Gauche moderee,NETANYAHU,2,3.39
CEASEFIRE_BREACH,Gauche moderee,PALESTINIANS,2,3.39
CEASEFIRE_BREACH,Gauche moderee,RN,1,1.69
CEASEFIRE_BREACH,Gauche moderee,TRUMP,4,6.78
CEASEFIRE_BREACH,Gauche moderee,UNRWA,2,3.39
CEASEFIRE_BREACH,Gauche moderee,ÉTAT_FRANÇAIS,1,1.69
CEASEFIRE_BREACH,Gauche radicale,ANTISEMITISM,2,0.45
CEASEFIRE_BREACH,Gauche radicale,AUDIOSVISUEL_PUBLIC,1,0.23
CEASEFIRE_BREACH,Gauche radicale,AURORE_BERGE,2,0.45
CEASEFIRE_BREACH,Gauche radicale,BARDELLA,1,0.23
CEASEFIRE_BREACH,Gauche radicale,BARDLLA,1,0.23
CEASEFIRE_BREACH,Gauche radicale,BENJAMIN_NETANYAHU,1,0.23
CEASEFIRE_BREACH,Gauche radicale,BLANCHE_GARDIN,1,0.23
CEASEFIRE_BREACH,Gauche radicale,BRUNO_RETAILLEAU,1,0.23
CEASEFIRE_BREACH,Gauche radicale,Bardella,1,0.23
CEASEFIRE_BREACH,Gauche radicale,Berge,1,0.23
CEASEFIRE_BREACH,Gauche radicale,CAROLINE_YADAN,1,0.23
CEASEFIRE_BREACH,Gauche radicale,CRIF,1,0.23
CEASEFIRE_BREACH,Gauche radicale,CRITIQUES_DE_GAUCHE,1,0.23
CEASEFIRE_BREACH,Gauche radicale,Collectif_Golem,1,0.23
CEASEFIRE_BREACH,Gauche radicale,DARMIN,1,0.23
CEASEFIRE_BREACH,Gauche radicale,DAVID_AZOULAY,1,0.23
CEASEFIRE_BREACH,Gauche radicale,DEPUTEE_ISRAEL,1,0.23
CEASEFIRE_BREACH,Gauche radicale,DEPUTEE_SOUTIEN_NETANYAHU,1,0.23
CEASEFIRE_BREACH,Gauche radicale,DR_HUSSAM_ABU_SAFIYA,1,0.23
CEASEFIRE_BREACH,Gauche radicale,D_TRUMP,1,0.23
CEASEFIRE_BREACH,Gauche radicale,EGYPTE_JORDANIE_ARABIE_SAUDITE,1,0.23
CEASEFIRE_BREACH,Gauche radicale,ETATS_UNIS,2,0.45
CEASEFIRE_BREACH,Gauche radicale,ETUDIANTS,1,0.23
CEASEFIRE_BREACH,Gauche radicale,EXTREME-DROITE,1,0.23
CEASEFIRE_BREACH,Gauche radicale,EXTREME_DROITE,2,0.45
CEASEFIRE_BREACH,Gauche radicale,EXTREME_RIGHT,2,0.45
CEASEFIRE_BREACH,Gauche radicale,ErsiliaSoudais,1,0.23
CEASEFIRE_BREACH,Gauche radicale,FRANCEINFO,2,0.45
CEASEFIRE_BREACH,Gauche radicale,FRANCE_ARTISTS,1,0.23
CEASEFIRE_BREACH,Gauche radicale,FRANCE_GOV,16,3.61
CEASEFIRE_BREACH,Gauche radicale,FRANCE_INFO,2,0.45
CEASEFIRE_BREACH,Gauche radicale,FRENCH_GOV,1,0.23
CEASEFIRE_BREACH,Gauche radicale,GERMANY,1,0.23
CEASEFIRE_BREACH,Gauche radicale,GLUCKSMANN,1,0.23
CEASEFIRE_BREACH,Gauche radicale,GOLDNADEL,1,0.23
CEASEFIRE_BREACH,Gauche radicale,GOUVERNEMENT,2,0.45
CEASEFIRE_BREACH,Gauche radicale,GOUVERNEMENT_FRA,1,0.23
CEASEFIRE_BREACH,Gauche radicale,GOUVERNEMENT_FRANCAIS,2,0.45
CEASEFIRE_BREACH,Gauche radicale,GOUVERNEMENT_RU,1,0.23
CEASEFIRE_BREACH,Gauche radicale,GOVERNMENT,1,0.23
CEASEFIRE_BREACH,Gauche radicale,HAMAS,2,0.45
CEASEFIRE_BREACH,Gauche radicale,INTERNATIONAL_COMMUNITY,1,0.23
CEASEFIRE_BREACH,Gauche radicale,ISRAEL,72,16.25
CEASEFIRE_BREACH,Gauche radicale,ISRAELI_HOSTAGES,1,0.23
CEASEFIRE_BREACH,Gauche radicale,ISRAEL_ARMY,35,7.9
CEASEFIRE_BREACH,Gauche radicale,ISRAEL_COLONISTS,1,0.23
CEASEFIRE_BREACH,Gauche radicale,ISRAEL_FG,1,0.23
CEASEFIRE_BREACH,Gauche radicale,ISRAEL_GOV,102,23.02
CEASEFIRE_BREACH,Gauche radicale,ISRAEL_IMMOBILIER,1,0.23
CEASEFIRE_BREACH,Gauche radicale,ISRAEL_RIGHT,1,0.23
CEASEFIRE_BREACH,Gauche radicale,ISRAËL,1,0.23
CEASEFIRE_BREACH,Gauche radicale,JEROME_GUEDJ,1,0.23
CEASEFIRE_BREACH,Gauche radicale,JORDAN_BARDELLA,2,0.45
CEASEFIRE_BREACH,Gauche radicale,LIBERATION,1,0.23
CEASEFIRE_BREACH,Gauche radicale,MACRON,4,0.9
CEASEFIRE_BREACH,Gauche radicale,MEDIA,1,0.23
CEASEFIRE_BREACH,Gauche radicale,MEDIA_FRANCAIS,1,0.23
CEASEFIRE_BREACH,Gauche radicale,MINISTERS,1,0.23
CEASEFIRE_BREACH,Gauche radicale,NATIONAL_RALLY,1,0.23
CEASEFIRE_BREACH,Gauche radicale,NETANYAHOU,21,4.74
CEASEFIRE_BREACH,Gauche radicale,NETANYAHU,18,4.06
CEASEFIRE_BREACH,Gauche radicale,NILI_KUPFER-NAOURI,1,0.23
CEASEFIRE_BREACH,Gauche radicale,NILI_KUPFER_NAOURI,1,0.23
CEASEFIRE_BREACH,Gauche radicale,ONU,1,0.23
CEASEFIRE_BREACH,Gauche radicale,PALESTINE,5,1.13
CEASEFIRE_BREACH,Gauche radicale,PALESTINIANS,3,0.68
CEASEFIRE_BREACH,Gauche radicale,PARTI_POLITIQUE,1,0.23
CEASEFIRE_BREACH,Gauche radicale,PERSONNALITÉ MÉDIATIQUE,1,0.23
CEASEFIRE_BREACH,Gauche radicale,PEUPLE_PALESTINIEN,5,1.13
CEASEFIRE_BREACH,Gauche radicale,PLENEL,1,0.23
CEASEFIRE_BREACH,Gauche radicale,POLITIQUES_ANTISEMITES,1,0.23
CEASEFIRE_BREACH,Gauche radicale,PRISCA_THEVENOT,1,0.23
CEASEFIRE_BREACH,Gauche radicale,RASSEMBLEMENT_NATIONAL,1,0.23
CEASEFIRE_BREACH,Gauche radicale,RETAILLEAU,1,0.23
CEASEFIRE_BREACH,Gauche radicale,RIMA_HAS,1,0.23
CEASEFIRE_BREACH,Gauche radicale,RMC,1,0.23
CEASEFIRE_BREACH,Gauche radicale,RN,2,0.45
CEASEFIRE_BREACH,Gauche radicale,RaphaAssouline,1,0.23
CEASEFIRE_BREACH,Gauche radicale,Rassemblement National,1,0.23
CEASEFIRE_BREACH,Gauche radicale,SIONISME,1,0.23
CEASEFIRE_BREACH,Gauche radicale,TRUMP,10,2.26
CEASEFIRE_BREACH,Gauche radicale,UNKNOWN,1,0.23
CEASEFIRE_BREACH,Gauche radicale,USA,1,0.23
CEASEFIRE_BREACH,Gauche radicale,YADAN,1,0.23
CEASEFIRE_BREACH,Gauche radicale,YVAN_ATTAL,2,0.45
CEASEFIRE_BREACH,Gauche radicale,franceinfo,1,0.23
CEASEFIRE_BREACH,Gauche radicale,i24NEWS_FR,2,0.45
CHOC,Centre / Majorite,ANTISEMITISM,4,1.39
CHOC,Centre / Majorite,ANTISIONISME,2,0.7
CHOC,Centre / Majorite,CIVILIANS_GAZA,1,0.35
CHOC,Centre / Majorite,COMMUNAUTE_INTERNATIONALE,1,0.35
CHOC,Centre / Majorite,DANIELE_OBONO,1,0.35
CHOC,Centre / Majorite,DJIHAD,1,0.35
CHOC,Centre / Majorite,DOMINIQUE_DE_VILLEPIN,1,0.35
CHOC,Centre / Majorite,ERSILIA_SOUDais,1,0.35
CHOC,Centre / Majorite,ETATS_UNIS,1,0.35
CHOC,Centre / Majorite,EUROPEAN_UNION,1,0.35
CHOC,Centre / Majorite,FAMILLES_OTAGES,2,0.7
CHOC,Centre / Majorite,FRANCE_GOV,4,1.39
CHOC,Centre / Majorite,FRANCE_INSOUMISE,2,0.7
CHOC,Centre / Majorite,GAZA_POPULATION,1,0.35
CHOC,Centre / Majorite,HAMAS,135,47.04
CHOC,Centre / Majorite,HOSTAGES,1,0.35
CHOC,Centre / Majorite,ISLAMISM,1,0.35
CHOC,Centre / Majorite,ISRAEL,33,11.5
CHOC,Centre / Majorite,ISRAELI_CITIZENS,1,0.35
CHOC,Centre / Majorite,ISRAELI_CIVILIANS,1,0.35
CHOC,Centre / Majorite,ISRAELI_PEOPLE,1,0.35
CHOC,Centre / Majorite,ISRAELI_VICTIMS,1,0.35
CHOC,Centre / Majorite,ISRAEL_ARMY,1,0.35
CHOC,Centre / Majorite,ISRAEL_GOV,15,5.23
CHOC,Centre / Majorite,LFI,3,1.05
CHOC,Centre / Majorite,MACRON,1,0.35
CHOC,Centre / Majorite,MELECHON,1,0.35
CHOC,Centre / Majorite,MÉLENCHON,2,0.7
CHOC,Centre / Majorite,NATIONS_UNIES,1,0.35
CHOC,Centre / Majorite,NETANYAHOU,2,0.7
CHOC,Centre / Majorite,NUPES,1,0.35
CHOC,Centre / Majorite,OBONO,1,0.35
CHOC,Centre / Majorite,OLIVIER_FAURE,1,0.35
CHOC,Centre / Majorite,ONU,1,0.35
CHOC,Centre / Majorite,PALESTINIANS,2,0.7
CHOC,Centre / Majorite,PANOT,1,0.35
CHOC,Centre / Majorite,PARTI_OPPOSANT,1,0.35
CHOC,Centre / Majorite,PEUPLE_ISRAELIEN,3,1.05
CHOC,Centre / Majorite,PEUPLE_ISRAÉLIEN,1,0.35
CHOC,Centre / Majorite,REIMS_PREFECTURE,1,0.35
CHOC,Centre / Majorite,Rassemblement National,1,0.35
CHOC,Centre / Majorite,TERRORISM,1,0.35
CHOC,Centre / Majorite,TWEETERS_OPPOSITION,1,0.35
CHOC,Centre / Majorite,VICTIMES_CIVILES,1,0.35
CHOC,Droite,AFP,3,0.85
CHOC,Droite,ANTISEMITISM,1,0.28
CHOC,Droite,ANTISÉMITISME,1,0.28
CHOC,Droite,ARABES,1,0.28
CHOC,Droite,ARTISTES_SPORTIFS,1,0.28
CHOC,Droite,BRITISH_LEADER,1,0.28
CHOC,Droite,CARONAYMERICO,1,0.28
CHOC,Droite,CGT_LFI,1,0.28
CHOC,Droite,DEPUTEE_OBONO,1,0.28
CHOC,Droite,EUROPEAN_UNION,1,0.28
CHOC,Droite,FRANCE_INSOUMISE,2,0.57
CHOC,Droite,GAUCHE,6,1.7
CHOC,Droite,GAUCHE_NUPES,1,0.28
CHOC,Droite,GAUCHISME,1,0.28
CHOC,Droite,GERARD_LARCHER,1,0.28
CHOC,Droite,GOUVERNEMENT,1,0.28
CHOC,Droite,GOUVERNEMENTS_FRANCAIS,1,0.28
CHOC,Droite,GUILLAME_MEURICE,1,0.28
CHOC,Droite,HADRIE_CLUOET,1,0.28
CHOC,Droite,HAMAS,165,46.88
CHOC,Droite,HATERS,1,0.28
CHOC,Droite,ISLAM,1,0.28
CHOC,Droite,ISLAMISM,3,0.85
CHOC,Droite,ISLAMISME,2,0.57
CHOC,Droite,ISLAMISTS,1,0.28
CHOC,Droite,ISLAMO-GAUCHE,1,0.28
CHOC,Droite,ISLAMO-GAUCHISME,1,0.28
CHOC,Droite,ISLAMOGAUCHISTES,1,0.28
CHOC,Droite,ISRAEL,38,10.8
CHOC,Droite,ISRAELIS,1,0.28
CHOC,Droite,ISRAEL_CRITICS,1,0.28
CHOC,Droite,ISRAEL_GOV,6,1.7
CHOC,Droite,ISRAEL_PEOPLE,1,0.28
CHOC,Droite,ISRAEL_VICTIMS,1,0.28
CHOC,Droite,ISRAËL,1,0.28
CHOC,Droite,JEAN-LUC MÉLENCHON,1,0.28
CHOC,Droite,JEAN_LUC_MELENCHON,2,0.57
CHOC,Droite,JLMELENCHON,2,0.57
CHOC,Droite,JUIFS,1,0.28
CHOC,Droite,KARIM_B,1,0.28
CHOC,Droite,L'OBS,1,0.28
CHOC,Droite,LA_FRANCE_INSOUMISE,1,0.28
CHOC,Droite,LFI,18,5.11
CHOC,Droite,LFI-NUPES,1,0.28
CHOC,Droite,LFI_NUPES_NPA,1,0.28
CHOC,Droite,LFI_PC,1,0.28
CHOC,Droite,LOUIS_BOYARD,1,0.28
CHOC,Droite,MACRON,4,1.14
CHOC,Droite,MAHIEDINE MEKHISSI,1,0.28
CHOC,Droite,MAIRE_ROLLOS,1,0.28
CHOC,Droite,MANIFESTANTS,4,1.14
CHOC,Droite,MANIFESTATIONS_PRO_HAMAS,1,0.28
CHOC,Droite,MARINE_TONDELIER,1,0.28
CHOC,Droite,MATHILDEPANOT,1,0.28
CHOC,Droite,MELENCHON,1,0.28
CHOC,Droite,MElenchon,1,0.28
CHOC,Droite,MINISTRE_INTERIEUR,1,0.28
CHOC,Droite,NETANYAHOU,1,0.28
CHOC,Droite,NETANYAHU,1,0.28
CHOC,Droite,NUPES,5,1.42
CHOC,Droite,NUPES_2022_,1,0.28
CHOC,Droite,OBONO,1,0.28
CHOC,Droite,OPPOSANTS,1,0.28
CHOC,Droite,OPPOSITION,1,0.28
CHOC,Droite,OTAGES,1,0.28
CHOC,Droite,OmarSy,1,0.28
CHOC,Droite,PALESTINE,1,0.28
CHOC,Droite,PALESTINIANS,2,0.57
CHOC,Droite,PALESTINIAN_ORG,1,0.28
CHOC,Droite,PARTI_SOCIALISTE,1,0.28
CHOC,Droite,PCF,1,0.28
CHOC,Droite,PRO-PALESTINIENS,1,0.28
CHOC,Droite,PROTESTERS,1,0.28
CHOC,Droite,PRO_HAMAS_GROUPS,1,0.28
CHOC,Droite,QATAR,1,0.28
CHOC,Droite,Renaissance,1,0.28
CHOC,Droite,SERVICE_PUBLIC,1,0.28
CHOC,Droite,SOCIALIST_PARTY,1,0.28
CHOC,Droite,TERRORISME,2,0.57
CHOC,Droite,TERRORISME_ISLAMIQUE,1,0.28
CHOC,Droite,UCSB,1,0.28
CHOC,Droite,UN,1,0.28
CHOC,Droite,URSLAVONDERLEYEN,1,0.28
CHOC,Droite,VALENTIN_FAMILLE,1,0.28
CHOC,Droite,WESTERN_MEDIA,1,0.28
CHOC,Droite,YOUCEF_ATAL,1,0.28
CHOC,Droite,ÉTAT_FRANÇAIS,1,0.28
CHOC,Gauche moderee,ANNE_HIDALGO,1,0.55
CHOC,Gauche moderee,ANTI_PALESTINIENS,1,0.55
CHOC,Gauche moderee,ANTOINE GUTERRES,1,0.55
CHOC,Gauche moderee,CIVILIANS,1,0.55
CHOC,Gauche moderee,CIVILS_GAZA,1,0.55
CHOC,Gauche moderee,EMMANUEL_MACRON,4,2.2
CHOC,Gauche moderee,EXTREME_DROITE,1,0.55
CHOC,Gauche moderee,FRANCAIS_JEWS,1,0.55
CHOC,Gauche moderee,FRANCE_GOV,7,3.85
CHOC,Gauche moderee,FRENCH_GOV,2,1.1
CHOC,Gauche moderee,GAZA,1,0.55
CHOC,Gauche moderee,GAZA_CIVILIANS,1,0.55
CHOC,Gauche moderee,GERALD_DARMANIN,1,0.55
CHOC,Gauche moderee,GOUVERNEMENT_FRANCAIS,1,0.55
CHOC,Gauche moderee,GOVERNMENT,1,0.55
CHOC,Gauche moderee,Gaza,1,0.55
CHOC,Gauche moderee,HAMAS,29,15.93
CHOC,Gauche moderee,ISRAEL,10,5.49
CHOC,Gauche moderee,ISRAELI_SETTLERS,1,0.55
CHOC,Gauche moderee,ISRAELI_VICTIMS,1,0.55
CHOC,Gauche moderee,ISRAEL_ARMY,20,10.99
CHOC,Gauche moderee,ISRAEL_CIVIL_SOCIETY,1,0.55
CHOC,Gauche moderee,ISRAEL_GOV,45,24.73
CHOC,Gauche moderee,ISRAEL_PEACE_ACTIVISTS,1,0.55
CHOC,Gauche moderee,ISRAÉLIENS,1,0.55
CHOC,Gauche moderee,ISRAËL,1,0.55
CHOC,Gauche moderee,LFI,1,0.55
CHOC,Gauche moderee,MACRON,2,1.1
CHOC,Gauche moderee,MERAV_MICHAELI,1,0.55
CHOC,Gauche moderee,MINISTERE_AFFAIRE_ETRANGERE,1,0.55
CHOC,Gauche moderee,NETANYAHOU,2,1.1
CHOC,Gauche moderee,NETANYAHU,3,1.65
CHOC,Gauche moderee,ONU,1,0.55
CHOC,Gauche moderee,PALESTINIENS,1,0.55
CHOC,Gauche moderee,TERRORISME,1,0.55
CHOC,Gauche moderee,YAEL_BRAUN_PIVET,1,0.55
CHOC,Gauche radicale,ALL_PARTIES,1,0.13
CHOC,Gauche radicale,ANTISEMITISM,3,0.38
CHOC,Gauche radicale,ASSEMBLEE_NATIONALE,8,1.01
CHOC,Gauche radicale,BENJAMIN_NETANYAHOU,1,0.13
CHOC,Gauche radicale,BFM,1,0.13
CHOC,Gauche radicale,BRAUN-PIVET,1,0.13
CHOC,Gauche radicale,CAROLINE_FOUREST,1,0.13
CHOC,Gauche radicale,CGT,1,0.13
CHOC,Gauche radicale,CHARLIE_HEBDO,1,0.13
CHOC,Gauche radicale,CIVILIANS_GAZA,1,0.13
CHOC,Gauche radicale,CIVILIAN_BOMBING,1,0.13
CHOC,Gauche radicale,CIVILS_GAZA,2,0.25
CHOC,Gauche radicale,CIVILS_PAL,1,0.13
CHOC,Gauche radicale,CIVIL_POPULATION,1,0.13
CHOC,Gauche radicale,CRIF,2,0.25
CHOC,Gauche radicale,CRITIQUES_GOUVERNEMENT,1,0.13
CHOC,Gauche radicale,DEPUTEE_OBONO,1,0.13
CHOC,Gauche radicale,DROITE,2,0.25
CHOC,Gauche radicale,DROITE_FR,1,0.13
CHOC,Gauche radicale,DUPOND-MORETTI,1,0.13
CHOC,Gauche radicale,EELV,1,0.13
CHOC,Gauche radicale,EMMANUEL_MACRON,9,1.14
CHOC,Gauche radicale,ERDOGAN,1,0.13
CHOC,Gauche radicale,EU,2,0.25
CHOC,Gauche radicale,EURODEPTEURS,1,0.13
CHOC,Gauche radicale,EURODEPUTES_RENAISSANCE,1,0.13
CHOC,Gauche radicale,EUROPEAN_ELECTED_OFFICIALS,1,0.13
CHOC,Gauche radicale,EUROPEAN_UNION,1,0.13
CHOC,Gauche radicale,EXTREME_RIGHT,4,0.51
CHOC,Gauche radicale,FAMILLES_DES_DISPARUS,1,0.13
CHOC,Gauche radicale,FASCISM,1,0.13
CHOC,Gauche radicale,FASCISTES,1,0.13
CHOC,Gauche radicale,FASCIST_ORGANIZATIONS,1,0.13
CHOC,Gauche radicale,FRANCE_GOV,56,7.1
CHOC,Gauche radicale,FRANCE_INSOUMISE,1,0.13
CHOC,Gauche radicale,FRANCE_POLICE,1,0.13
CHOC,Gauche radicale,FRANCE_POLITICAL_CLASS,1,0.13
CHOC,Gauche radicale,FRENCH_GOV,4,0.51
CHOC,Gauche radicale,FRENCH_GOVERNMENT,1,0.13
CHOC,Gauche radicale,GAZA,2,0.25
CHOC,Gauche radicale,GAZA_CIVILIANS,1,0.13
CHOC,Gauche radicale,GDARMANIN,1,0.13
CHOC,Gauche radicale,GERALD_DARMANIN,1,0.13
CHOC,Gauche radicale,GLUCKSMANN,1,0.13
CHOC,Gauche radicale,GOUVERNEMENT,3,0.38
CHOC,Gauche radicale,GOUVERNEMENT_FR,1,0.13
CHOC,Gauche radicale,GOUVERNEMENT_FRANCAIS,4,0.51
CHOC,Gauche radicale,GOUVERNEMENT_FRANÇAIS,2,0.25
CHOC,Gauche radicale,GOUVERNEMENT_ISRAEL,1,0.13
CHOC,Gauche radicale,GOUVERNEMENT_MACRON,1,0.13
CHOC,Gauche radicale,GOVERNMENT,2,0.25
CHOC,Gauche radicale,GOV_ISRAEL,1,0.13
CHOC,Gauche radicale,Gaza,2,0.25
CHOC,Gauche radicale,HAMAS,61,7.73
CHOC,Gauche radicale,ICC,1,0.13
CHOC,Gauche radicale,INCONNU,1,0.13
CHOC,Gauche radicale,IRRESPONSABLES,1,0.13
CHOC,Gauche radicale,ISRAEL,62,7.86
CHOC,Gauche radicale,ISRAELI_COLONISTS,1,0.13
CHOC,Gauche radicale,ISRAELI_HOSTAGES,1,0.13
CHOC,Gauche radicale,ISRAELI_SUPPORTERS,1,0.13
CHOC,Gauche radicale,ISRAEL_ARMY,115,14.58
CHOC,Gauche radicale,ISRAEL_EXTREME_RIGHT,1,0.13
CHOC,Gauche radicale,ISRAEL_GOV,177,22.43
CHOC,Gauche radicale,ISRAEL_MINISTER,1,0.13
CHOC,Gauche radicale,ISRAÉLIENS,1,0.13
CHOC,Gauche radicale,ISRAËL,2,0.25
CHOC,Gauche radicale,ISRAËL_GOV,1,0.13
CHOC,Gauche radicale,JLMELENCHON,5,0.63
CHOC,Gauche radicale,JULIEN_ODoul,1,0.13
CHOC,Gauche radicale,LA_FRANCE_INSOUMISE,1,0.13
CHOC,Gauche radicale,LICRA,1,0.13
CHOC,Gauche radicale,MACRON,26,3.3
CHOC,Gauche radicale,MACRONIE,1,0.13
CHOC,Gauche radicale,MACRONISTES,4,0.51
CHOC,Gauche radicale,MACRON_GOV,1,0.13
CHOC,Gauche radicale,MARINE_LE_PEN,1,0.13
CHOC,Gauche radicale,MARINE_TONDELIER,1,0.13
CHOC,Gauche radicale,MEYER_HABIB,1,0.13
CHOC,Gauche radicale,MILICES_FASCISTES,1,0.13
CHOC,Gauche radicale,MINISTRE_ISRAELIEN,1,0.13
CHOC,Gauche radicale,NADINE_MORANO,1,0.13
CHOC,Gauche radicale,NETANYAHOU,6,0.76
CHOC,Gauche radicale,NETANYAHU,20,2.53
CHOC,Gauche radicale,NETANYAHU_GOV,1,0.13
CHOC,Gauche radicale,OLIVIER_FAURE,1,0.13
CHOC,Gauche radicale,ONU,2,0.25
CHOC,Gauche radicale,PALESTINE,3,0.38
CHOC,Gauche radicale,PALESTINIANS,5,0.63
CHOC,Gauche radicale,PALESTINIAN_AUTHORITY,2,0.25
CHOC,Gauche radicale,PALESTINIAN_CIVILIANS,1,0.13
CHOC,Gauche radicale,PALESTINIAN_POPULATION,1,0.13
CHOC,Gauche radicale,PALESTINIAN_VICTIMS,1,0.13
CHOC,Gauche radicale,PALESTINIENS,3,0.38
CHOC,Gauche radicale,PARTI_DE_ZEMMOUR,1,0.13
CHOC,Gauche radicale,PEUPLE_PALESTINIEN,1,0.13
CHOC,Gauche radicale,PIERRE_FABRE_GROUP,1,0.13
CHOC,Gauche radicale,POLICE,1,0.13
CHOC,Gauche radicale,POLITICAL_OPPONENTS,1,0.13
CHOC,Gauche radicale,POPULATION_GAZA,1,0.13
CHOC,Gauche radicale,RASSEMBLEMENT_NATIONAL,2,0.25
CHOC,Gauche radicale,RN,1,0.13
CHOC,Gauche radicale,Rassemblement National,1,0.13
CHOC,Gauche radicale,SOCIALIST_PARTY,1,0.13
CHOC,Gauche radicale,UN,1,0.13
CHOC,Gauche radicale,USA,2,0.25
CHOC,Gauche radicale,VILLAIN,1,0.13
CHOC,Gauche radicale,WESTERN_COUNTRIES,1,0.13
CHOC,Gauche radicale,YAEL_BRAUNPIVET,1,0.13
CHOC,Gauche radicale,YAEL_BRAUN_PIVET,5,0.63
CHOC,Gauche radicale,YAËL BRAUN-PIVET,1,0.13
CHOC,Gauche radicale,Yael_BRAUNPIVET,1,0.13
CHOC,Gauche radicale,ÉTAT_DE_PALESTINE,1,0.13
MANDATS_CPI,Centre / Majorite,ANTISIONISME,1,6.25
MANDATS_CPI,Centre / Majorite,CPI,1,6.25
MANDATS_CPI,Centre / Majorite,HAMAS,6,37.5
MANDATS_CPI,Centre / Majorite,HUMANI'TERRE,1,6.25
MANDATS_CPI,Centre / Majorite,ISRAEL,4,25.0
MANDATS_CPI,Centre / Majorite,LFI,1,6.25
MANDATS_CPI,Centre / Majorite,MONDE,1,6.25
MANDATS_CPI,Droite,CIVILS_GAZA,1,2.78
MANDATS_CPI,Droite,CPI,1,2.78
MANDATS_CPI,Droite,EU,1,2.78
MANDATS_CPI,Droite,FRANCE_GOV,1,2.78
MANDATS_CPI,Droite,GAZA,1,2.78
MANDATS_CPI,Droite,GOUVERNEMENT_FRA,1,2.78
MANDATS_CPI,Droite,HAMAS,10,27.78
MANDATS_CPI,Droite,HOSTAGES,1,2.78
MANDATS_CPI,Droite,IEP_STRASBOURG,1,2.78
MANDATS_CPI,Droite,ISLAMISTES,1,2.78
MANDATS_CPI,Droite,ISRAEL,1,2.78
MANDATS_CPI,Droite,ISRAEL_GOV,3,8.33
MANDATS_CPI,Droite,LFI,4,11.11
MANDATS_CPI,Droite,MACRON,1,2.78
MANDATS_CPI,Droite,MATHILDE PANOT,1,2.78
MANDATS_CPI,Droite,NETANYAHU,2,5.56
MANDATS_CPI,Droite,NFP,1,2.78
MANDATS_CPI,Gauche moderee,FRANCE_GOV,1,3.23
MANDATS_CPI,Gauche moderee,FRANCE_PUBLIC,1,3.23
MANDATS_CPI,Gauche moderee,ISRAEL,1,3.23
MANDATS_CPI,Gauche moderee,ISRAEL_ARMY,4,12.9
MANDATS_CPI,Gauche moderee,ISRAEL_GOV,11,35.48
MANDATS_CPI,Gauche moderee,LFI,1,3.23
MANDATS_CPI,Gauche moderee,NETANYAHOU,4,12.9
MANDATS_CPI,Gauche moderee,NETANYAHU,5,16.13
MANDATS_CPI,Gauche radicale,ASSEMBLEE_NATIONALE,1,0.44
MANDATS_CPI,Gauche radicale,BEZALEL_SMOTRICH,1,0.44
MANDATS_CPI,Gauche radicale,BNP_PARIBAS,1,0.44
MANDATS_CPI,Gauche radicale,CARONAYMERICO,1,0.44
MANDATS_CPI,Gauche radicale,CAZENEUVE,1,0.44
MANDATS_CPI,Gauche radicale,CECCHIO,1,0.44
MANDATS_CPI,Gauche radicale,COLONIES,1,0.44
MANDATS_CPI,Gauche radicale,CRITICS_OF_ISRAEL,1,0.44
MANDATS_CPI,Gauche radicale,DEPUTEE_CRITIQUEE,1,0.44
MANDATS_CPI,Gauche radicale,DR_ABU_SAFIYA,1,0.44
MANDATS_CPI,Gauche radicale,EMMANUEL_MACRON,1,0.44
MANDATS_CPI,Gauche radicale,ETATS_UNIS,1,0.44
MANDATS_CPI,Gauche radicale,EXTREME_DROITE,2,0.88
MANDATS_CPI,Gauche radicale,FACEBOOK_INSTAGRAM,1,0.44
MANDATS_CPI,Gauche radicale,FESNEAU,1,0.44
MANDATS_CPI,Gauche radicale,FRANCE_GOV,12,5.31
MANDATS_CPI,Gauche radicale,FRANCOIS_RUFFIN,1,0.44
MANDATS_CPI,Gauche radicale,GABRIEL_ATTAL,1,0.44
MANDATS_CPI,Gauche radicale,GOLDNADEL,1,0.44
MANDATS_CPI,Gauche radicale,GOUVERNEMENT_FRANCAIS,2,0.88
MANDATS_CPI,Gauche radicale,GeWoessner,1,0.44
MANDATS_CPI,Gauche radicale,ISRAEL,31,13.72
MANDATS_CPI,Gauche radicale,ISRAEL_AIR_FORCE,1,0.44
MANDATS_CPI,Gauche radicale,ISRAEL_ARMY,27,11.95
MANDATS_CPI,Gauche radicale,ISRAEL_COLON,1,0.44
MANDATS_CPI,Gauche radicale,ISRAEL_CRITICS,1,0.44
MANDATS_CPI,Gauche radicale,ISRAEL_GOV,38,16.81
MANDATS_CPI,Gauche radicale,ISRAEL_REGIME,1,0.44
MANDATS_CPI,Gauche radicale,ISRAËL,2,0.88
MANDATS_CPI,Gauche radicale,JOE BIDEN,1,0.44
MANDATS_CPI,Gauche radicale,LIBERATION,1,0.44
MANDATS_CPI,Gauche radicale,MACRON,2,0.88
MANDATS_CPI,Gauche radicale,MARINE_VLAHOVIC,1,0.44
MANDATS_CPI,Gauche radicale,MEDIA,1,0.44
MANDATS_CPI,Gauche radicale,MOSSAD,1,0.44
MANDATS_CPI,Gauche radicale,NETANYAHOU,20,8.85
MANDATS_CPI,Gauche radicale,NETANYAHU,42,18.58
MANDATS_CPI,Gauche radicale,PALESTINE,2,0.88
MANDATS_CPI,Gauche radicale,PALESTINIANS,1,0.44
MANDATS_CPI,Gauche radicale,PALESTINIENS,1,0.44
MANDATS_CPI,Gauche radicale,PEUPLE_PALESTINIEN,1,0.44
MANDATS_CPI,Gauche radicale,POLITICIANS_MEDIA,1,0.44
MANDATS_CPI,Gauche radicale,PS,1,0.44
MANDATS_CPI,Gauche radicale,SPR,1,0.44
MANDATS_CPI,Gauche radicale,SUPPORTERS_ISRAEL,1,0.44
MANDATS_CPI,Gauche radicale,TURQUOIS_NICOLAS,1,0.44
NEW_OFFENSIVE,Centre / Majorite,ANTI-ZIONISM,1,0.38
NEW_OFFENSIVE,Centre / Majorite,ANTISEMITISM,5,1.89
NEW_OFFENSIVE,Centre / Majorite,ANTISIONISM,1,0.38
NEW_OFFENSIVE,Centre / Majorite,ANTISIONISME,1,0.38
NEW_OFFENSIVE,Centre / Majorite,ARABIE_SAOUDITE,1,0.38
NEW_OFFENSIVE,Centre / Majorite,AURORE_BERGE,1,0.38
NEW_OFFENSIVE,Centre / Majorite,BOYARD,2,0.76
NEW_OFFENSIVE,Centre / Majorite,CRITICS_OF_ISRAEL,1,0.38
NEW_OFFENSIVE,Centre / Majorite,CRITIQUES_ISRAEL,1,0.38
NEW_OFFENSIVE,Centre / Majorite,CaronAymericoff,1,0.38
NEW_OFFENSIVE,Centre / Majorite,DAVID_GUIRAUD,2,0.76
NEW_OFFENSIVE,Centre / Majorite,EELV,1,0.38
NEW_OFFENSIVE,Centre / Majorite,EMMANUEL_MACRON,1,0.38
NEW_OFFENSIVE,Centre / Majorite,EU,2,0.76
NEW_OFFENSIVE,Centre / Majorite,EXTREME_GAUCHE,1,0.38
NEW_OFFENSIVE,Centre / Majorite,FRANCAIS,1,0.38
NEW_OFFENSIVE,Centre / Majorite,FRANCAIS_JUIFS,1,0.38
NEW_OFFENSIVE,Centre / Majorite,FRANCE,1,0.38
NEW_OFFENSIVE,Centre / Majorite,FRANCE_GOV,5,1.89
NEW_OFFENSIVE,Centre / Majorite,FRANCE_INSOUMISE,1,0.38
NEW_OFFENSIVE,Centre / Majorite,FRANÇAIS_RAPATRIES,1,0.38
NEW_OFFENSIVE,Centre / Majorite,GAUCHE,1,0.38
NEW_OFFENSIVE,Centre / Majorite,GEORGES_IBRAHIM_ABDALLAH,1,0.38
NEW_OFFENSIVE,Centre / Majorite,GOUVERNEMENT_FRANCAIS,1,0.38
NEW_OFFENSIVE,Centre / Majorite,GOVERNMENT,1,0.38
NEW_OFFENSIVE,Centre / Majorite,Gaza,1,0.38
NEW_OFFENSIVE,Centre / Majorite,HAMAS,36,13.64
NEW_OFFENSIVE,Centre / Majorite,HATERS_ON_CAMPUSES,1,0.38
NEW_OFFENSIVE,Centre / Majorite,HOUTIS,1,0.38
NEW_OFFENSIVE,Centre / Majorite,IRAN,16,6.06
NEW_OFFENSIVE,Centre / Majorite,ISRAEL,20,7.58
NEW_OFFENSIVE,Centre / Majorite,ISRAELIS,1,0.38
NEW_OFFENSIVE,Centre / Majorite,ISRAELI_HOSTAGES,1,0.38
NEW_OFFENSIVE,Centre / Majorite,ISRAEL_ARMY,6,2.27
NEW_OFFENSIVE,Centre / Majorite,ISRAEL_COLONISTS,1,0.38
NEW_OFFENSIVE,Centre / Majorite,ISRAEL_GOV,31,11.74
NEW_OFFENSIVE,Centre / Majorite,JEAN-LUC MÉLENCHON,2,0.76
NEW_OFFENSIVE,Centre / Majorite,JN_BARROT,1,0.38
NEW_OFFENSIVE,Centre / Majorite,JUDEO-BRETAGNE,1,0.38
NEW_OFFENSIVE,Centre / Majorite,LAYLA_NAFFA,1,0.38
NEW_OFFENSIVE,Centre / Majorite,LA_FRANCE_INSOUMISE,1,0.38
NEW_OFFENSIVE,Centre / Majorite,LFI,7,2.65
NEW_OFFENSIVE,Centre / Majorite,MAHMOUD_ABBAS,1,0.38
NEW_OFFENSIVE,Centre / Majorite,MÉLENCHON,1,0.38
NEW_OFFENSIVE,Centre / Majorite,NETANYAHOU,1,0.38
NEW_OFFENSIVE,Centre / Majorite,ONG_FRANCES_POUR_LA_PALESTINE,1,0.38
NEW_OFFENSIVE,Centre / Majorite,OPPOSITION,2,0.76
NEW_OFFENSIVE,Centre / Majorite,OTAGES,2,0.76
NEW_OFFENSIVE,Centre / Majorite,PALESTINE,2,0.76
NEW_OFFENSIVE,Centre / Majorite,PALESTINIANS,2,0.76
NEW_OFFENSIVE,Centre / Majorite,PALESTINIAN_CAUSE,1,0.38
NEW_OFFENSIVE,Centre / Majorite,PEUPLE_ISRAELIEN,1,0.38
NEW_OFFENSIVE,Centre / Majorite,PLATEFORME_ONG_FRANCE,1,0.38
NEW_OFFENSIVE,Centre / Majorite,RIMA_HAS,1,0.38
NEW_OFFENSIVE,Centre / Majorite,RIMA_HASSAN,1,0.38
NEW_OFFENSIVE,Centre / Majorite,USA_GOV,1,0.38
NEW_OFFENSIVE,Centre / Majorite,VILLEPIN,1,0.38
NEW_OFFENSIVE,Centre / Majorite,YAEL_BRAUN_PIVET,1,0.38
NEW_OFFENSIVE,Centre / Majorite,ÉTAT_DE_PALESTINE,2,0.76
NEW_OFFENSIVE,Droite,ANTISEMITISM,3,1.51
NEW_OFFENSIVE,Droite,ANTISEMITISME,1,0.5
NEW_OFFENSIVE,Droite,ANTISIONISME,1,0.5
NEW_OFFENSIVE,Droite,CGT,1,0.5
NEW_OFFENSIVE,Droite,CLEMM_AUTAIN,1,0.5
NEW_OFFENSIVE,Droite,COMMUNAUTÉ_JUIVE,1,0.5
NEW_OFFENSIVE,Droite,COQUEREL,1,0.5
NEW_OFFENSIVE,Droite,EDWY_PLENEL,3,1.51
NEW_OFFENSIVE,Droite,EELV,1,0.5
NEW_OFFENSIVE,Droite,EXTREME_GAUCHE,9,4.52
NEW_OFFENSIVE,Droite,EXTRÊME_GAUCHE,1,0.5
NEW_OFFENSIVE,Droite,FRANCE_GOV,7,3.52
NEW_OFFENSIVE,Droite,GAUCHE,2,1.01
NEW_OFFENSIVE,Droite,GAUCHE_RADICALE,1,0.5
NEW_OFFENSIVE,Droite,GAZA,1,0.5
NEW_OFFENSIVE,Droite,GOUVERNEMENT,2,1.01
NEW_OFFENSIVE,Droite,GOUVERNEMENT_FRANCAIS,3,1.51
NEW_OFFENSIVE,Droite,HAMAS,29,14.57
NEW_OFFENSIVE,Droite,IRAN,11,5.53
NEW_OFFENSIVE,Droite,ISLAMIC_REPUBLIC,1,0.5
NEW_OFFENSIVE,Droite,ISLAMISM,1,0.5
NEW_OFFENSIVE,Droite,ISLAMISTES,1,0.5
NEW_OFFENSIVE,Droite,ISLAMISTS,1,0.5
NEW_OFFENSIVE,Droite,ISRAEL,25,12.56
NEW_OFFENSIVE,Droite,ISRAELI_CIVILIANS,1,0.5
NEW_OFFENSIVE,Droite,ISRAEL_ARMY,1,0.5
NEW_OFFENSIVE,Droite,ISRAEL_GOV,9,4.52
NEW_OFFENSIVE,Droite,JEAN-LUC MÉLENCHON,1,0.5
NEW_OFFENSIVE,Droite,JUDEO-FRANCAIS,1,0.5
NEW_OFFENSIVE,Droite,LA_FRANCE_INSOUMISE,3,1.51
NEW_OFFENSIVE,Droite,LA_FRANCE_INSOUMMISE,1,0.5
NEW_OFFENSIVE,Droite,LEO,1,0.5
NEW_OFFENSIVE,Droite,LFI,16,8.04
NEW_OFFENSIVE,Droite,LJEUNE_GARDE,1,0.5
NEW_OFFENSIVE,Droite,MACRON,11,5.53
NEW_OFFENSIVE,Droite,MANIFESTANTS,1,0.5
NEW_OFFENSIVE,Droite,MANONAUBRY,1,0.5
NEW_OFFENSIVE,Droite,MATHIEU_HANOTIN,1,0.5
NEW_OFFENSIVE,Droite,MAYOR_PS,1,0.5
NEW_OFFENSIVE,Droite,OLP,1,0.5
NEW_OFFENSIVE,Droite,OPPOSANTS,1,0.5
NEW_OFFENSIVE,Droite,OPPOSITION,1,0.5
NEW_OFFENSIVE,Droite,OPPOSITION_PARLEMENTAIRE,1,0.5
NEW_OFFENSIVE,Droite,OTAGES,1,0.5
NEW_OFFENSIVE,Droite,PAL,1,0.5
NEW_OFFENSIVE,Droite,PALESTINE,1,0.5
NEW_OFFENSIVE,Droite,PALESTINIANS,4,2.01
NEW_OFFENSIVE,Droite,PALESTINIENS,1,0.5
NEW_OFFENSIVE,Droite,POLITIQUE_ACTUELLE,1,0.5
NEW_OFFENSIVE,Droite,PORTES_THOMAS,1,0.5
NEW_OFFENSIVE,Droite,PS,1,0.5
NEW_OFFENSIVE,Droite,RADICAL_LEFT,1,0.5
NEW_OFFENSIVE,Droite,RIMA_HAS,3,1.51
NEW_OFFENSIVE,Droite,SARAH_PERSIL,1,0.5
NEW_OFFENSIVE,Droite,SCIENCES_PO,1,0.5
NEW_OFFENSIVE,Droite,SIONISME,1,0.5
NEW_OFFENSIVE,Droite,THOMAS_PORTE,1,0.5
NEW_OFFENSIVE,Droite,ULTRAGAUCHISTES,1,0.5
NEW_OFFENSIVE,Droite,VERTS,1,0.5
NEW_OFFENSIVE,Droite,YUVAL_RAPHAEL,1,0.5
NEW_OFFENSIVE,Droite,ÉTAT_PALESTIN,1,0.5
NEW_OFFENSIVE,Gauche moderee,AYMAN_ODEH,1,0.83
NEW_OFFENSIVE,Gauche moderee,CIVILS,1,0.83
NEW_OFFENSIVE,Gauche moderee,COMMUNAUTE_JUIVE,1,0.83
NEW_OFFENSIVE,Gauche moderee,DONALD_TRUMP,1,0.83
NEW_OFFENSIVE,Gauche moderee,EMMANUEL_MACRON,1,0.83
NEW_OFFENSIVE,Gauche moderee,EUROPEAN_COUNTRIES,1,0.83
NEW_OFFENSIVE,Gauche moderee,FRANCE_EDUCATION,1,0.83
NEW_OFFENSIVE,Gauche moderee,FRANCE_GOV,5,4.13
NEW_OFFENSIVE,Gauche moderee,FRANCOIS_BAYROU,1,0.83
NEW_OFFENSIVE,Gauche moderee,FRENCH_GOV,1,0.83
NEW_OFFENSIVE,Gauche moderee,GOUVERNEMENT,1,0.83
NEW_OFFENSIVE,Gauche moderee,GOUVERNEMENT_NETANYAHOU,1,0.83
NEW_OFFENSIVE,Gauche moderee,IRAN,2,1.65
NEW_OFFENSIVE,Gauche moderee,ISRAEL,13,10.74
NEW_OFFENSIVE,Gauche moderee,ISRAEL_ARMY,11,9.09
NEW_OFFENSIVE,Gauche moderee,ISRAEL_GOV,32,26.45
NEW_OFFENSIVE,Gauche moderee,JEWS,1,0.83
NEW_OFFENSIVE,Gauche moderee,MACRON,1,0.83
NEW_OFFENSIVE,Gauche moderee,MA_JAMET,1,0.83
NEW_OFFENSIVE,Gauche moderee,MELECHON,1,0.83
NEW_OFFENSIVE,Gauche moderee,MINISTRE_INTÉRIEUR,1,0.83
NEW_OFFENSIVE,Gauche moderee,NATIONAL_RALLY,1,0.83
NEW_OFFENSIVE,Gauche moderee,NETANYAHOU,6,4.96
NEW_OFFENSIVE,Gauche moderee,NETANYAHU,3,2.48
NEW_OFFENSIVE,Gauche moderee,PALESTINE,1,0.83
NEW_OFFENSIVE,Gauche moderee,PALESTINIANS,2,1.65
NEW_OFFENSIVE,Gauche moderee,PALESTINIENS,1,0.83
NEW_OFFENSIVE,Gauche moderee,SMOTRICH,1,0.83
NEW_OFFENSIVE,Gauche moderee,WESTERN_LEADERS,1,0.83
NEW_OFFENSIVE,Gauche radicale,ALAIN_SORAL,1,0.09
NEW_OFFENSIVE,Gauche radicale,AMERICANS,1,0.09
NEW_OFFENSIVE,Gauche radicale,ANTISEMITISM,2,0.18
NEW_OFFENSIVE,Gauche radicale,ANTI_GENOCIDE_DISC,1,0.09
NEW_OFFENSIVE,Gauche radicale,ARIEL_WEIL,1,0.09
NEW_OFFENSIVE,Gauche radicale,ARTHUR,1,0.09
NEW_OFFENSIVE,Gauche radicale,ASSEMBLEE_NATIONALE,1,0.09
NEW_OFFENSIVE,Gauche radicale,ATTAL,1,0.09
NEW_OFFENSIVE,Gauche radicale,AURORE_BERGE,4,0.37
NEW_OFFENSIVE,Gauche radicale,B.RETAILLEAU,1,0.09
NEW_OFFENSIVE,Gauche radicale,BAYROU,1,0.09
NEW_OFFENSIVE,Gauche radicale,BAYROU_MACRON,1,0.09
NEW_OFFENSIVE,Gauche radicale,BENOIT_PAYAN,1,0.09
NEW_OFFENSIVE,Gauche radicale,BENYAMIN_NETANYAHOU,2,0.18
NEW_OFFENSIVE,Gauche radicale,BENYAMIN_NETANYAHU,1,0.09
NEW_OFFENSIVE,Gauche radicale,BERGE,2,0.18
NEW_OFFENSIVE,Gauche radicale,BETAR,1,0.09
NEW_OFFENSIVE,Gauche radicale,BFM,1,0.09
NEW_OFFENSIVE,Gauche radicale,BHL,3,0.28
NEW_OFFENSIVE,Gauche radicale,BLAME_ISRAEL,1,0.09
NEW_OFFENSIVE,Gauche radicale,BOCCALETTI,1,0.09
NEW_OFFENSIVE,Gauche radicale,BRUNO RETAILLEAU,1,0.09
NEW_OFFENSIVE,Gauche radicale,BRUNO_RETAILLEAU,2,0.18
NEW_OFFENSIVE,Gauche radicale,B_NETANYAHOU,1,0.09
NEW_OFFENSIVE,Gauche radicale,CAROLE DELGA,2,0.18
NEW_OFFENSIVE,Gauche radicale,CAROLINEYADAN,1,0.09
NEW_OFFENSIVE,Gauche radicale,CHANSONNIER,1,0.09
NEW_OFFENSIVE,Gauche radicale,CLASSE_POLITIQUE,1,0.09
NEW_OFFENSIVE,Gauche radicale,CNEWS,1,0.09
NEW_OFFENSIVE,Gauche radicale,COLIN POWELL,1,0.09
NEW_OFFENSIVE,Gauche radicale,COLONS,1,0.09
NEW_OFFENSIVE,Gauche radicale,COMMUNAUTE_INTERNATIONALE,1,0.09
NEW_OFFENSIVE,Gauche radicale,CRIF,1,0.09
NEW_OFFENSIVE,Gauche radicale,CRITICS,1,0.09
NEW_OFFENSIVE,Gauche radicale,CUOMO,1,0.09
NEW_OFFENSIVE,Gauche radicale,CÉLINE_PINA,1,0.09
NEW_OFFENSIVE,Gauche radicale,DELGA,1,0.09
NEW_OFFENSIVE,Gauche radicale,DEPUTE CRITIQUE,1,0.09
NEW_OFFENSIVE,Gauche radicale,DEPUTES,1,0.09
NEW_OFFENSIVE,Gauche radicale,EGYPTIAN_AUTH,1,0.09
NEW_OFFENSIVE,Gauche radicale,ELISABETH_BORNE,1,0.09
NEW_OFFENSIVE,Gauche radicale,EMMANUEL_MACRON,11,1.01
NEW_OFFENSIVE,Gauche radicale,ETATS-UNIS,1,0.09
NEW_OFFENSIVE,Gauche radicale,ETATS_UNIS,1,0.09
NEW_OFFENSIVE,Gauche radicale,ETAT_DE_PALESTINE,1,0.09
NEW_OFFENSIVE,Gauche radicale,ETAT_FRANCAIS,1,0.09
NEW_OFFENSIVE,Gauche radicale,EUJF,1,0.09
NEW_OFFENSIVE,Gauche radicale,EUROPEAN_COUNTRIES,1,0.09
NEW_OFFENSIVE,Gauche radicale,EUROPEAN_PARLIAMENT,1,0.09
NEW_OFFENSIVE,Gauche radicale,EU_FRANCE,1,0.09
NEW_OFFENSIVE,Gauche radicale,EU_LEADERS,1,0.09
NEW_OFFENSIVE,Gauche radicale,EXTREME_DROITE,1,0.09
NEW_OFFENSIVE,Gauche radicale,EXTREME_RIGHT,1,0.09
NEW_OFFENSIVE,Gauche radicale,EXTRÊME_DROITE_ISRAÉLIENNE,1,0.09
NEW_OFFENSIVE,Gauche radicale,EYAL GOLAN,1,0.09
NEW_OFFENSIVE,Gauche radicale,EYAL_GOLAN,1,0.09
NEW_OFFENSIVE,Gauche radicale,FRANCE,1,0.09
NEW_OFFENSIVE,Gauche radicale,FRANCE_GOV,53,4.88
NEW_OFFENSIVE,Gauche radicale,FRANCE_MEDIA,1,0.09
NEW_OFFENSIVE,Gauche radicale,FRANCE_MEDIAS,1,0.09
NEW_OFFENSIVE,Gauche radicale,FRANCE_PARLIAMENT,1,0.09
NEW_OFFENSIVE,Gauche radicale,FRANCE_PRESIDENCE,1,0.09
NEW_OFFENSIVE,Gauche radicale,FRANCK_ALLISIO,1,0.09
NEW_OFFENSIVE,Gauche radicale,FRANCOIS_BAYROU,1,0.09
NEW_OFFENSIVE,Gauche radicale,GAZA,2,0.18
NEW_OFFENSIVE,Gauche radicale,GOLDNADEL,1,0.09
NEW_OFFENSIVE,Gauche radicale,GOUVERNANTS,1,0.09
NEW_OFFENSIVE,Gauche radicale,GOUVERNEMENT,7,0.64
NEW_OFFENSIVE,Gauche radicale,GOUVERNEMENTS,1,0.09
NEW_OFFENSIVE,Gauche radicale,GOUVERNEMENT_FR,5,0.46
NEW_OFFENSIVE,Gauche radicale,GOUVERNEMENT_FRANCAIS,7,0.64
NEW_OFFENSIVE,Gauche radicale,GOVERNMENT,1,0.09
NEW_OFFENSIVE,Gauche radicale,GOV_FRANCE,1,0.09
NEW_OFFENSIVE,Gauche radicale,Gaza,1,0.09
NEW_OFFENSIVE,Gauche radicale,GazaFFlotilla,3,0.28
NEW_OFFENSIVE,Gauche radicale,HAMAS,3,0.28
NEW_OFFENSIVE,Gauche radicale,HCR,1,0.09
NEW_OFFENSIVE,Gauche radicale,HUMANITAIRES,1,0.09
NEW_OFFENSIVE,Gauche radicale,INCONNU,1,0.09
NEW_OFFENSIVE,Gauche radicale,ISRAEL,182,16.74
NEW_OFFENSIVE,Gauche radicale,ISRAELIAN_POLICE,1,0.09
NEW_OFFENSIVE,Gauche radicale,ISRAEL_ARMY,98,9.02
NEW_OFFENSIVE,Gauche radicale,ISRAEL_AUTH,1,0.09
NEW_OFFENSIVE,Gauche radicale,ISRAEL_COLONISTS,1,0.09
NEW_OFFENSIVE,Gauche radicale,ISRAEL_GOV,280,25.76
NEW_OFFENSIVE,Gauche radicale,ISRAEL_LOBBY,1,0.09
NEW_OFFENSIVE,Gauche radicale,ISRAEL_OFFICIALS,1,0.09
NEW_OFFENSIVE,Gauche radicale,ISRAEL_SUPPORTERS,1,0.09
NEW_OFFENSIVE,Gauche radicale,ISRAËL,5,0.46
NEW_OFFENSIVE,Gauche radicale,ISRAËLIENS_MILITANTS,1,0.09
NEW_OFFENSIVE,Gauche radicale,ISRAËL_ARMÉE,1,0.09
NEW_OFFENSIVE,Gauche radicale,JN_BARROT,5,0.46
NEW_OFFENSIVE,Gauche radicale,JOANNSFAR,1,0.09
NEW_OFFENSIVE,Gauche radicale,KHAMENEI,1,0.09
NEW_OFFENSIVE,Gauche radicale,KhanNRachel,1,0.09
NEW_OFFENSIVE,Gauche radicale,LEMONDE,1,0.09
NEW_OFFENSIVE,Gauche radicale,LES_REPUBLICAINS,1,0.09
NEW_OFFENSIVE,Gauche radicale,LE_PEN,3,0.28
NEW_OFFENSIVE,Gauche radicale,LIKOUD,1,0.09
NEW_OFFENSIVE,Gauche radicale,MACRON,20,1.84
NEW_OFFENSIVE,Gauche radicale,MACRONIE,1,0.09
NEW_OFFENSIVE,Gauche radicale,MACRONISTES,1,0.09
NEW_OFFENSIVE,Gauche radicale,MAIRE_DE_MONTPELLIER,1,0.09
NEW_OFFENSIVE,Gauche radicale,MAIRE_ROUBAIX,1,0.09
NEW_OFFENSIVE,Gauche radicale,MARINE_LE_PEN,2,0.18
NEW_OFFENSIVE,Gauche radicale,MEDIA,3,0.28
NEW_OFFENSIVE,Gauche radicale,MEDIAS_FR,1,0.09
NEW_OFFENSIVE,Gauche radicale,MEDIA_FRANCAIS,1,0.09
NEW_OFFENSIVE,Gauche radicale,MEYER_HABIB,1,0.09
NEW_OFFENSIVE,Gauche radicale,MINISTERE_INTERIEUR,1,0.09
NEW_OFFENSIVE,Gauche radicale,MINISTRE,1,0.09
NEW_OFFENSIVE,Gauche radicale,MINISTRE_BERGE,1,0.09
NEW_OFFENSIVE,Gauche radicale,MINISTRE_INTERN,1,0.09
NEW_OFFENSIVE,Gauche radicale,NATHALIE_LOISEAU,1,0.09
NEW_OFFENSIVE,Gauche radicale,NETANYAHOU,51,4.69
NEW_OFFENSIVE,Gauche radicale,NETANYAHU,72,6.62
NEW_OFFENSIVE,Gauche radicale,NILI KUPFER-NAOURI,1,0.09
NEW_OFFENSIVE,Gauche radicale,OCCIDENT,1,0.09
NEW_OFFENSIVE,Gauche radicale,OLIVIER_RAFOWICZ,1,0.09
NEW_OFFENSIVE,Gauche radicale,ONU,2,0.18
NEW_OFFENSIVE,Gauche radicale,ORPI,1,0.09
NEW_OFFENSIVE,Gauche radicale,Olivennes,1,0.09
NEW_OFFENSIVE,Gauche radicale,P.É. STÉRIN,1,0.09
NEW_OFFENSIVE,Gauche radicale,PACIFIC,1,0.09
NEW_OFFENSIVE,Gauche radicale,PALESTINE,3,0.28
NEW_OFFENSIVE,Gauche radicale,PALESTINIANS,4,0.37
NEW_OFFENSIVE,Gauche radicale,PARTISOCIALISTE,1,0.09
NEW_OFFENSIVE,Gauche radicale,PARTI_SOCIALISTE,1,0.09
NEW_OFFENSIVE,Gauche radicale,PEUPLE_PALESTINIEN,5,0.46
NEW_OFFENSIVE,Gauche radicale,PHILIPPE_ROSE_BRUN,1,0.09
NEW_OFFENSIVE,Gauche radicale,PHILIPPE_VAL,1,0.09
NEW_OFFENSIVE,Gauche radicale,POPE_FRANCOIS,1,0.09
NEW_OFFENSIVE,Gauche radicale,POPULATION_PALESTINIENNE,1,0.09
NEW_OFFENSIVE,Gauche radicale,POUVOIR_VATICAN,1,0.09
NEW_OFFENSIVE,Gauche radicale,PRESIDENT,1,0.09
NEW_OFFENSIVE,Gauche radicale,PRIME_MINISTER,2,0.18
NEW_OFFENSIVE,Gauche radicale,PRO-ISR_PARTY,1,0.09
NEW_OFFENSIVE,Gauche radicale,PROPAGANDISTE,1,0.09
NEW_OFFENSIVE,Gauche radicale,PROPOSITION_DE_LOI,1,0.09
NEW_OFFENSIVE,Gauche radicale,PRO_ISRAELI_TWITTER,1,0.09
NEW_OFFENSIVE,Gauche radicale,PS,5,0.46
NEW_OFFENSIVE,Gauche radicale,RASSEMBLEMENT_NATIONAL,1,0.09
NEW_OFFENSIVE,Gauche radicale,RETAILLEAU,3,0.28
NEW_OFFENSIVE,Gauche radicale,RETailleau,1,0.09
NEW_OFFENSIVE,Gauche radicale,RICHARD_RAMOS,1,0.09
NEW_OFFENSIVE,Gauche radicale,RIMA_HASSAN,2,0.18
NEW_OFFENSIVE,Gauche radicale,RN,2,0.18
NEW_OFFENSIVE,Gauche radicale,SARKOZY,1,0.09
NEW_OFFENSIVE,Gauche radicale,SC_PO_STUDENTS,1,0.09
NEW_OFFENSIVE,Gauche radicale,SENAT,1,0.09
NEW_OFFENSIVE,Gauche radicale,SOCIETE_FRANCAISE,1,0.09
NEW_OFFENSIVE,Gauche radicale,SOC_COMM,1,0.09
NEW_OFFENSIVE,Gauche radicale,SOUTIENS_GENOCIDE,1,0.09
NEW_OFFENSIVE,Gauche radicale,SUPPORTERS_GENOCIDE,1,0.09
NEW_OFFENSIVE,Gauche radicale,TAPIRO,1,0.09
NEW_OFFENSIVE,Gauche radicale,TRUMP,9,0.83
NEW_OFFENSIVE,Gauche radicale,TRUMP_NETANYAHOU_POUTINE,1,0.09
NEW_OFFENSIVE,Gauche radicale,TSAHAL,1,0.09
NEW_OFFENSIVE,Gauche radicale,UN,1,0.09
NEW_OFFENSIVE,Gauche radicale,URG_PAL,1,0.09
NEW_OFFENSIVE,Gauche radicale,USA,2,0.18
NEW_OFFENSIVE,Gauche radicale,WAUQUIEZ,1,0.09
NEW_OFFENSIVE,Gauche radicale,YAEL_BRAUN_PIVET,2,0.18
NEW_OFFENSIVE,Gauche radicale,international_alliance,1,0.09
NEW_OFFENSIVE,Gauche radicale,É. BORNE,1,0.09
NEW_OFFENSIVE,Gauche radicale,ÉTAT_FRANCAIS,1,0.09
POST_CIJ,Centre / Majorite,ANTI_SEMITISM,1,1.82
POST_CIJ,Centre / Majorite,FRANCESCO_ALBANESE,1,1.82
POST_CIJ,Centre / Majorite,FRANCE_GOV,1,1.82
POST_CIJ,Centre / Majorite,FRANCE_INSOUmise,1,1.82
POST_CIJ,Centre / Majorite,GAZA_INHABITANTS,1,1.82
POST_CIJ,Centre / Majorite,HAMAS,22,40.0
POST_CIJ,Centre / Majorite,ISLAMISM,1,1.82
POST_CIJ,Centre / Majorite,ISRAEL,4,7.27
POST_CIJ,Centre / Majorite,ISRAEL_ARMY,1,1.82
POST_CIJ,Centre / Majorite,ISRAEL_COLONISTS,1,1.82
POST_CIJ,Centre / Majorite,ISRAEL_GOV,3,5.45
POST_CIJ,Centre / Majorite,ISRAEL_TERROR_VICTIMS,1,1.82
POST_CIJ,Centre / Majorite,ISRAEL_VICTIMS,1,1.82
POST_CIJ,Centre / Majorite,LA_FRANCE_INSOUMISE,1,1.82
POST_CIJ,Centre / Majorite,LFI,2,3.64
POST_CIJ,Centre / Majorite,TERRORISM,2,3.64
POST_CIJ,Centre / Majorite,UNRWA,2,3.64
POST_CIJ,Droite,EXTRÊME_GAUCHE,1,3.12
POST_CIJ,Droite,FRANCE_GOV,1,3.12
POST_CIJ,Droite,GOUVERNEMENT_FRANÇAIS,1,3.12
POST_CIJ,Droite,HAMAS,16,50.0
POST_CIJ,Droite,INSOUMIS,1,3.12
POST_CIJ,Droite,ISRAEL,2,6.25
POST_CIJ,Droite,ISRAEL_ARMY,1,3.12
POST_CIJ,Droite,ISRAEL_GOV,1,3.12
POST_CIJ,Droite,LOCAL_AUTHORITY,1,3.12
POST_CIJ,Droite,ONU,1,3.12
POST_CIJ,Droite,OTAGES,1,3.12
POST_CIJ,Droite,UN,1,3.12
POST_CIJ,Droite,UNRWA,1,3.12
POST_CIJ,Droite,UNWRA,1,3.12
POST_CIJ,Gauche moderee,CPI,2,4.35
POST_CIJ,Gauche moderee,FRANCE_GOV,4,8.7
POST_CIJ,Gauche moderee,GOUVERNEMENT_FRANÇAIS,1,2.17
POST_CIJ,Gauche moderee,HAMAS,1,2.17
POST_CIJ,Gauche moderee,ISRAEL,2,4.35
POST_CIJ,Gauche moderee,ISRAEL_ARMY,6,13.04
POST_CIJ,Gauche moderee,ISRAEL_GOV,19,41.3
POST_CIJ,Gauche moderee,PALESTINIANS,1,2.17
POST_CIJ,Gauche moderee,UNRWA,2,4.35
POST_CIJ,Gauche radicale,ASTRID_PANOSYAN,1,0.46
POST_CIJ,Gauche radicale,Aurore Bergé,1,0.46
POST_CIJ,Gauche radicale,BENYAMIN_NETANYAHOU,2,0.92
POST_CIJ,Gauche radicale,BORIS_VALLAUD,1,0.46
POST_CIJ,Gauche radicale,CIJ,1,0.46
POST_CIJ,Gauche radicale,EMMANUEL_MACRON,4,1.84
POST_CIJ,Gauche radicale,EUROPEAN_LEADERS,1,0.46
POST_CIJ,Gauche radicale,EXTREME_RIGHT,1,0.46
POST_CIJ,Gauche radicale,FRANCE_GOV,31,14.29
POST_CIJ,Gauche radicale,FRANCE_SOCIETY,1,0.46
POST_CIJ,Gauche radicale,FRENCH_GOV,1,0.46
POST_CIJ,Gauche radicale,GABRIEL_ATTAL,1,0.46
POST_CIJ,Gauche radicale,GAZA,1,0.46
POST_CIJ,Gauche radicale,GAZA_CIVILIANS,1,0.46
POST_CIJ,Gauche radicale,GAZA_POPULATION,1,0.46
POST_CIJ,Gauche radicale,GOUVERNEMENT,1,0.46
POST_CIJ,Gauche radicale,GOUVERNEMENT_FRANCAIS,2,0.92
POST_CIJ,Gauche radicale,Gaza,1,0.46
POST_CIJ,Gauche radicale,HAMAS,4,1.84
POST_CIJ,Gauche radicale,ICJ,1,0.46
POST_CIJ,Gauche radicale,INTERLOCUTOR,1,0.46
POST_CIJ,Gauche radicale,ISRAEL,28,12.9
POST_CIJ,Gauche radicale,ISRAELIAN_JUDGE,1,0.46
POST_CIJ,Gauche radicale,ISRAEL_ARMY,12,5.53
POST_CIJ,Gauche radicale,ISRAEL_COLONISTS,1,0.46
POST_CIJ,Gauche radicale,ISRAEL_GOV,70,32.26
POST_CIJ,Gauche radicale,JAKUBOWICZ,1,0.46
POST_CIJ,Gauche radicale,MACRON,1,0.46
POST_CIJ,Gauche radicale,MEYER_HABIB,1,0.46
POST_CIJ,Gauche radicale,MILITANTE_PRO_NETANYAHOU,1,0.46
POST_CIJ,Gauche radicale,MINISTRE_DES_AFFAIRS_ETRANGERES,1,0.46
POST_CIJ,Gauche radicale,NETANYAHOU,6,2.76
POST_CIJ,Gauche radicale,NETANYAHU,9,4.15
POST_CIJ,Gauche radicale,ONU,1,0.46
POST_CIJ,Gauche radicale,PALESTINIENS,1,0.46
POST_CIJ,Gauche radicale,PEUPLE_PALESTINIEN,2,0.92
POST_CIJ,Gauche radicale,RN,1,0.46
POST_CIJ,Gauche radicale,SUPPORTERS_CLEANSING,1,0.46
POST_CIJ,Gauche radicale,TERRORISM,1,0.46
POST_CIJ,Gauche radicale,UNRWA,2,0.92
POST_CIJ,Gauche radicale,YAEL_BRAUN_PIVET,1,0.46
POST_SINWAR,Centre / Majorite,FRANCESCA_ALBANESE,1,3.03
POST_SINWAR,Centre / Majorite,FRANCE_GOV,1,3.03
POST_SINWAR,Centre / Majorite,FRENCH_GOV,1,3.03
POST_SINWAR,Centre / Majorite,HAMAS,5,15.15
POST_SINWAR,Centre / Majorite,HEZBOLLAH,2,6.06
POST_SINWAR,Centre / Majorite,ISRAEL,5,15.15
POST_SINWAR,Centre / Majorite,ISRAEL_ARMY,1,3.03
POST_SINWAR,Centre / Majorite,ISRAEL_COMPANIES,1,3.03
POST_SINWAR,Centre / Majorite,ISRAEL_GOV,6,18.18
POST_SINWAR,Centre / Majorite,ONU,1,3.03
POST_SINWAR,Centre / Majorite,OTAGES,1,3.03
POST_SINWAR,Centre / Majorite,TERRORISME,1,3.03
POST_SINWAR,Centre / Majorite,TERRORISTS,1,3.03
POST_SINWAR,Centre / Majorite,UN_SECURITY_COUNCIL,1,3.03
POST_SINWAR,Centre / Majorite,VICTIMES_CIVILES,1,3.03
POST_SINWAR,Centre / Majorite,YAHYA_SINWAR,1,3.03
POST_SINWAR,Droite,EMMANUEL_MACRON,2,4.65
POST_SINWAR,Droite,EXTREME_GAUCHE,1,2.33
POST_SINWAR,Droite,FRANCE_GOV,1,2.33
POST_SINWAR,Droite,F_ALBANESE,1,2.33
POST_SINWAR,Droite,HAMAS,4,9.3
POST_SINWAR,Droite,ISRAEL,6,13.95
POST_SINWAR,Droite,ISRAEL_ARMY,2,4.65
POST_SINWAR,Droite,ISRAEL_GOV,1,2.33
POST_SINWAR,Droite,KNESSSET,1,2.33
POST_SINWAR,Droite,KOUCHNER,1,2.33
POST_SINWAR,Droite,LEFT_AND_MACRONISTS,1,2.33
POST_SINWAR,Droite,LFI,4,9.3
POST_SINWAR,Droite,MACRON,6,13.95
POST_SINWAR,Droite,NETANYAHOU,1,2.33
POST_SINWAR,Droite,SINWAR,2,4.65
POST_SINWAR,Droite,YAHYA_SINWAR,3,6.98
POST_SINWAR,Gauche moderee,ISRAEL,2,28.57
POST_SINWAR,Gauche moderee,ISRAEL_ARMY,1,14.29
POST_SINWAR,Gauche moderee,ISRAEL_GOV,3,42.86
POST_SINWAR,Gauche moderee,NETANYAHOU,1,14.29
POST_SINWAR,Gauche radicale,BRUNO_RETAILLEAU,1,0.65
POST_SINWAR,Gauche radicale,CNEWS,1,0.65
POST_SINWAR,Gauche radicale,CRIF,1,0.65
POST_SINWAR,Gauche radicale,ELNET,2,1.3
POST_SINWAR,Gauche radicale,ENW,1,0.65
POST_SINWAR,Gauche radicale,EXTREME_DROITE,1,0.65
POST_SINWAR,Gauche radicale,FRANCE_GOV,3,1.95
POST_SINWAR,Gauche radicale,GOUVERNEMENT_FRANCAIS,1,0.65
POST_SINWAR,Gauche radicale,GOUVERNEMENT_FRANÇAIS,1,0.65
POST_SINWAR,Gauche radicale,ISABELLE_BALKANY,1,0.65
POST_SINWAR,Gauche radicale,ISRAEL,16,10.39
POST_SINWAR,Gauche radicale,ISRAEL_ARMY,28,18.18
POST_SINWAR,Gauche radicale,ISRAEL_GOV,55,35.71
POST_SINWAR,Gauche radicale,ISRAEL_SUPPORTERS,1,0.65
POST_SINWAR,Gauche radicale,ISRAËL,2,1.3
POST_SINWAR,Gauche radicale,MACRON,1,0.65
POST_SINWAR,Gauche radicale,MEDIA,1,0.65
POST_SINWAR,Gauche radicale,MEYER_HABIB,1,0.65
POST_SINWAR,Gauche radicale,NETANYAHOU,9,5.84
POST_SINWAR,Gauche radicale,NETANYAHU,10,6.49
POST_SINWAR,Gauche radicale,OCCIDENT,2,1.3
POST_SINWAR,Gauche radicale,PALESTINE,1,0.65
POST_SINWAR,Gauche radicale,PEUPLE_PALESTINIEN,1,0.65
POST_SINWAR,Gauche radicale,RN,1,0.65
POST_SINWAR,Gauche radicale,ROBERTO_CIURLEO,1,0.65
POST_SINWAR,Gauche radicale,USA,1,0.65
POST_SINWAR,Gauche radicale,USAmbUN,1,0.65
POST_SINWAR,Gauche radicale,YAEL_BRAUN_PIVET,1,0.65
RAFAH,Centre / Majorite,ALMA_DUFOUR,1,0.77
RAFAH,Centre / Majorite,ANTISIONISME,1,0.77
RAFAH,Centre / Majorite,ANTISÉMITISME,1,0.77
RAFAH,Centre / Majorite,ANTI_SEMITISM,1,0.77
RAFAH,Centre / Majorite,CARONAYMERICO,1,0.77
RAFAH,Centre / Majorite,CIVILS_GAZA,1,0.77
RAFAH,Centre / Majorite,CRITIQUES_ISRAEL,1,0.77
RAFAH,Centre / Majorite,EMMANUEL_MACRON,1,0.77
RAFAH,Centre / Majorite,EXTREME_GAUCHE,1,0.77
RAFAH,Centre / Majorite,FIDH,1,0.77
RAFAH,Centre / Majorite,FRANCE_GOV,3,2.31
RAFAH,Centre / Majorite,FRANCE_INSOUMISE,1,0.77
RAFAH,Centre / Majorite,HAMAS,33,25.38
RAFAH,Centre / Majorite,HOSTAGES,1,0.77
RAFAH,Centre / Majorite,ICC,1,0.77
RAFAH,Centre / Majorite,INTERNATIONAL_COMMUNITY,1,0.77
RAFAH,Centre / Majorite,ISRAEL,7,5.38
RAFAH,Centre / Majorite,ISRAELI_LEADERS,1,0.77
RAFAH,Centre / Majorite,ISRAEL_ARMY,5,3.85
RAFAH,Centre / Majorite,ISRAEL_GOV,20,15.38
RAFAH,Centre / Majorite,LFI,5,3.85
RAFAH,Centre / Majorite,MOTAZ_AZAIZA,1,0.77
RAFAH,Centre / Majorite,NATIONS_UNIES,1,0.77
RAFAH,Centre / Majorite,NETANYAHU,1,0.77
RAFAH,Centre / Majorite,OPPOSANTS,1,0.77
RAFAH,Centre / Majorite,OTAGES_FRANCAIS,1,0.77
RAFAH,Centre / Majorite,OTHER_DEP,1,0.77
RAFAH,Centre / Majorite,RIMA HAS,1,0.77
RAFAH,Centre / Majorite,SOPHIAARAM,1,0.77
RAFAH,Droite,#Hamas,1,1.41
RAFAH,Droite,CIVILS_RAFAH,1,1.41
RAFAH,Droite,CPI,1,1.41
RAFAH,Droite,FABIEN,1,1.41
RAFAH,Droite,FRANCE_INSOUMISE,6,8.45
RAFAH,Droite,FRANCE_INTIFADA,1,1.41
RAFAH,Droite,GAUCHE,1,1.41
RAFAH,Droite,GOUVERNEMENT_FRANCAIS,1,1.41
RAFAH,Droite,GOUVERNEMENT_GRECE,1,1.41
RAFAH,Droite,GRETA_THUNBERG,1,1.41
RAFAH,Droite,GROSDIDIER,1,1.41
RAFAH,Droite,GUIRAUDIND,1,1.41
RAFAH,Droite,HAMAS,18,25.35
RAFAH,Droite,ISRAEL,3,4.23
RAFAH,Droite,ISRAEL_ARMY,2,2.82
RAFAH,Droite,ISRAEL_GOV,2,2.82
RAFAH,Droite,ISRAEL_OTAGES,1,1.41
RAFAH,Droite,LFI,18,25.35
RAFAH,Droite,MÉLENCHON,1,1.41
RAFAH,Droite,NUPES,1,1.41
RAFAH,Droite,SEBASTIEN_DELOGU,1,1.41
RAFAH,Droite,SIGNATAIRES_DE_LA_PETITION,1,1.41
RAFAH,Droite,TURQUIE,1,1.41
RAFAH,Droite,b_belhaddad,1,1.41
RAFAH,Gauche moderee,CIVILS_PALESTINIENS,1,0.94
RAFAH,Gauche moderee,EMMANUEL_MACRON,2,1.89
RAFAH,Gauche moderee,EUROPEAN_PARTNERS,1,0.94
RAFAH,Gauche moderee,FRANCE_GOV,13,12.26
RAFAH,Gauche moderee,GOUVERNEMENT_FR,1,0.94
RAFAH,Gauche moderee,GOUVERNEMENT_FRANCAIS,1,0.94
RAFAH,Gauche moderee,GOV_MACRONIE,1,0.94
RAFAH,Gauche moderee,HAMAS,4,3.77
RAFAH,Gauche moderee,INTERNATIONAL_COMMUNITY,1,0.94
RAFAH,Gauche moderee,ISRAEL,5,4.72
RAFAH,Gauche moderee,ISRAEL_ARMY,6,5.66
RAFAH,Gauche moderee,ISRAEL_COLONIZATION,1,0.94
RAFAH,Gauche moderee,ISRAEL_GOV,27,25.47
RAFAH,Gauche moderee,ISRAËL,1,0.94
RAFAH,Gauche moderee,NETANYAHOU,8,7.55
RAFAH,Gauche moderee,NETANYAHU,9,8.49
RAFAH,Gauche moderee,NIKKY_HALEY,1,0.94
RAFAH,Gauche moderee,PALESTINIENS,1,0.94
RAFAH,Gauche moderee,PEUPLE_PALESTINIEN,1,0.94
RAFAH,Gauche radicale,AL_PETEL,1,0.15
RAFAH,Gauche radicale,ANTI_SEMITISM,1,0.15
RAFAH,Gauche radicale,ASSEMBLEE_NATIONALE,2,0.3
RAFAH,Gauche radicale,BAHLOUL,1,0.15
RAFAH,Gauche radicale,BARDLLA,1,0.15
RAFAH,Gauche radicale,BENYAMIN NETANYAHOU,1,0.15
RAFAH,Gauche radicale,BERNARD-HENRY_LEVY,1,0.15
RAFAH,Gauche radicale,BRAUN-PIVET,1,0.15
RAFAH,Gauche radicale,BRENOUL,1,0.15
RAFAH,Gauche radicale,CAROLINE_YADAN,1,0.15
RAFAH,Gauche radicale,COLONIAL_SYSTEMS,1,0.15
RAFAH,Gauche radicale,COMPETITORS,1,0.15
RAFAH,Gauche radicale,CRIF,1,0.15
RAFAH,Gauche radicale,DEPUTES_APOLOGIE_GENOCIDE,1,0.15
RAFAH,Gauche radicale,DROITE_ET_EXTRÊME-DROITE,1,0.15
RAFAH,Gauche radicale,DROITE_EXTREME_DROITE,1,0.15
RAFAH,Gauche radicale,EDOUARD_PHILIPPE,1,0.15
RAFAH,Gauche radicale,EMMANUEL_MACRON,3,0.45
RAFAH,Gauche radicale,ESPAGNE_GOV,1,0.15
RAFAH,Gauche radicale,EUROPE,1,0.15
RAFAH,Gauche radicale,EUROPEAN_LEADERS,1,0.15
RAFAH,Gauche radicale,EXTREME-DROITE,1,0.15
RAFAH,Gauche radicale,EXTREME_DROITE,1,0.15
RAFAH,Gauche radicale,EXTREME_RIGHT,1,0.15
RAFAH,Gauche radicale,FRANCE_ELECTED,1,0.15
RAFAH,Gauche radicale,FRANCE_GOV,52,7.76
RAFAH,Gauche radicale,FRANCE_INSOUMISE,1,0.15
RAFAH,Gauche radicale,FRANCE_PUBLIC,1,0.15
RAFAH,Gauche radicale,FREDERICENCEL,1,0.15
RAFAH,Gauche radicale,FRENCH_GOV,3,0.45
RAFAH,Gauche radicale,GABRIEL_ATTAL,1,0.15
RAFAH,Gauche radicale,GAZA,2,0.3
RAFAH,Gauche radicale,GENOCIDE,1,0.15
RAFAH,Gauche radicale,GLUCKSMANN,2,0.3
RAFAH,Gauche radicale,GOUVERNANTS,1,0.15
RAFAH,Gauche radicale,GOUVERNEMENT,2,0.3
RAFAH,Gauche radicale,GOUVERNEMENTS,1,0.15
RAFAH,Gauche radicale,GOUVERNEMENT_FRANCAIS,8,1.19
RAFAH,Gauche radicale,GOUVERNEMENT_FRANÇAIS,2,0.3
RAFAH,Gauche radicale,GOUVERNEMENT_ISRAELIEN,2,0.3
RAFAH,Gauche radicale,GOUVERNEMENT_ISRAÉLIEN,1,0.15
RAFAH,Gauche radicale,GREECE,1,0.15
RAFAH,Gauche radicale,HAIM_KORSIA,1,0.15
RAFAH,Gauche radicale,HAMAS,10,1.49
RAFAH,Gauche radicale,HUMAN RIGHTS CRITICS,1,0.15
RAFAH,Gauche radicale,INTERNATIONALE,1,0.15
RAFAH,Gauche radicale,IRELAND,1,0.15
RAFAH,Gauche radicale,ISAISRAEL_GOV,1,0.15
RAFAH,Gauche radicale,ISRAEL,53,7.91
RAFAH,Gauche radicale,ISRAELI_LEADERS,1,0.15
RAFAH,Gauche radicale,ISRAELI_SOLDIERS,1,0.15
RAFAH,Gauche radicale,ISRAEL_ARMY,53,7.91
RAFAH,Gauche radicale,ISRAEL_COLONISTS,1,0.15
RAFAH,Gauche radicale,ISRAEL_COMPANIES,1,0.15
RAFAH,Gauche radicale,ISRAEL_GOV,186,27.76
RAFAH,Gauche radicale,ISRAEL_LEADERS,1,0.15
RAFAH,Gauche radicale,ISRAEL_SUPPORTERS,1,0.15
RAFAH,Gauche radicale,ISRAËL,3,0.45
RAFAH,Gauche radicale,LIKUD,1,0.15
RAFAH,Gauche radicale,MACRON,20,2.99
RAFAH,Gauche radicale,MACRONIE,3,0.45
RAFAH,Gauche radicale,MACRONISTES_RN,1,0.15
RAFAH,Gauche radicale,MADAME_HAYER,1,0.15
RAFAH,Gauche radicale,MATHIEU_LEFEVRE,1,0.15
RAFAH,Gauche radicale,MEYER_HABIB,4,0.6
RAFAH,Gauche radicale,MOUDENC,2,0.3
RAFAH,Gauche radicale,Mairie de Choisy-le-Roi,1,0.15
RAFAH,Gauche radicale,NETANYAHOU,43,6.42
RAFAH,Gauche radicale,NETANYAHU,69,10.3
RAFAH,Gauche radicale,NORVEGE,1,0.15
RAFAH,Gauche radicale,PALESTINE,3,0.45
RAFAH,Gauche radicale,PALESTINIANS,2,0.3
RAFAH,Gauche radicale,PARTI_SOCIALISTE,2,0.3
RAFAH,Gauche radicale,PEUPLE_PALESTINIEN,5,0.75
RAFAH,Gauche radicale,RESPONSABLES_POLITIQUES,1,0.15
RAFAH,Gauche radicale,RN,1,0.15
RAFAH,Gauche radicale,SCIENCES_PO,1,0.15
RAFAH,Gauche radicale,SEBASTIEN_DELOGU,1,0.15
RAFAH,Gauche radicale,SEJOURNE,1,0.15
RAFAH,Gauche radicale,STEPH_SEJOURNE,1,0.15
RAFAH,Gauche radicale,SUPPORTERS_OF_GENOCIDE,1,0.15
RAFAH,Gauche radicale,SÉBASTIEN_DELOGU,1,0.15
RAFAH,Gauche radicale,TF1,1,0.15
RAFAH,Gauche radicale,TSAHAL,2,0.3
RAFAH,Gauche radicale,UE,1,0.15
RAFAH,Gauche radicale,USA,1,0.15
RAFAH,Gauche radicale,VALERIE_DETRESSE,1,0.15
RAFAH,Gauche radicale,YAËL_BRAUN_PIVET,1,0.15
RAFAH,Gauche radicale,fxbellamy,1,0.15
RAFAH,Gauche radicale,nous_vivrons,1,0.15
RAFAH,Gauche radicale,odieux personnage,1,0.15
